{"acc": 0.9678746476380077, "loss": 0.039464161928009986, "_timestamp": 1685212938.7278311, "_runtime": 20.916295051574707, "_step": 7, "_wandb": {"runtime": 20}}